Cerveza 3 Cordilleras rosada botella 330ml x4 | 3 CORDILLERAS | $ 18.000 | (ml a $ 13,64) 
 Comparar | Cerveza 3 Cordilleras mestiza botella  330ml x4 | 3 CORDILLERAS | $ 18.000 | (ml a $ 13,64) 
 Comparar | Cerveza 3 Cordilleras negra botella 330ml x4 | 3 CORDILLERAS | $ 18.000 | (ml a $ 13,64) 
 Comparar | Cerveza 3 Cordilleras mulata botella 330ml x4 | 3 CORDILLERAS | $ 18.000 | (ml a $ 13,64) 
 Comparar | Cerveza 3 Cordilleras mona botella 330ml x4 | 3 CORDILLERAS | $ 18.000 | (ml a $ 13,64) 
 Comparar | Cerveza 3 Cordilleras Negra Botella x 330 Ml | 3 CORDILLERAS | $ 4.690 | (ml a $ 14,21) 
 Comparar | Cerveza 3 Cordilleras Mulata Botella x 330 Ml | 3 CORDILLERAS | $ 4.690 | (ml a $ 14,21) 
 Comparar | Cerveza 3 Cordilleras Rosada Botella x 330 Ml | 3 CORDILLERAS | $ 4.690 | (ml a $ 14,21) 
 Comparar | Cerveza 3 Cordilleras surtida botella 330ml x4 | 3 CORDILLERAS | $ 18.000 | (ml a $ 13,64) 
 Comparar | Cerveza 3 Cordilleras Mestiza Botella x 330 Ml | 3 CORDILLERAS | $ 4.690 | (ml a $ 14,21) 
 Comparar
Cerveza Aguila Light lata x6und x330ml c-u | AGUILA | $ 17.590 | (ml a $ 8,88) 
 Comparar | Cerveza Aguila Original lata x6und x330ml c-u | AGUILA | $ 17.990 | (ml a $ 9,09) 
 Comparar | Cerveza Aguila 0,0% lata x6unds x330ml | AGUILA | $ 11.590 | (ml a $ 5,85) 
 Comparar | Cerveza Aguila light lata x6und x269ml c-u | AGUILA | $ 12.390 | (ml a $ 0,01) 
 Comparar | Cerveza Aguila 0,0 lata x330ml | AGUILA | $ 1.990 | (ml a $ 6,03) 
 Comparar | Cerveza Aguila Original lata x330ml | AGUILA | $ 2.990 | (ml a $ 9,06) 
 Comparar | Cerveza Aguila Light lata x330ml | AGUILA | $ 2.890 | (ml a $ 8,76) 
 Comparar
Cerveza Andina Light Lata x6und x269ml c/u | ANDINA | $ 13.200 | (ml a $ 0,01) 
 Comparar | Cerveza Andina Lata x6und x330ml c/u | ANDINA | $ 16.200 
 Comparar | Cerveza Andina Lata x6und x269ml c/u | ANDINA | $ 13.200 | (ml a $ 0,01) 
 Comparar | Cerveza Andina Light Lata x6und x330ml c/u | ANDINA | $ 16.200 | (ml a $ 8,18) 
 Comparar | Cerveza Andina Lata x6und x330ml c/u + gratis Termo | ANDINA | $ 14.390 | (ml a $ 7,27) 
 Comparar | Cerveza andina light lata x330ml | ANDINA | $ 2.390 | (ml a $ 7,24) 
 Comparar
Cerveza BBC Lager botella x6und x330ml c-u | BBC | $ 21.590 | (ml a $ 10,9) 
 Comparar | Cerveza BBC Cajicá Miel x4und x330ml c-u | BBC | $ 18.590 | (ml a $ 14,08) 
 Comparar | Cerveza BBC Cajicá Miel lata x4und x269ml c-u | BBC | $ 14.390 | (ml a $ 0,01) 
 Comparar | Cerveza BBC Monserrate Roja botella x4und x330ml | BBC | $ 16.990 | (ml a $ 12,87) 
 Comparar | Cerveza BBC La Cotidiana lata x4und x269ml c-u | BBC | $ 10.390 | (ml a $ 0,01) 
 Comparar | Cerveza BBC Lager botella x330ml | BBC | $ 3.890 | (ml a $ 11,79) 
 Comparar | Cerveza BBC Cajicá Miel botella x330ml | BBC | $ 4.190 | (ml a $ 12,7) 
 Comparar | Cerveza BBC Monserrate Roja botella x330ml | BBC | $ 4.890 | (ml a $ 14,82) 
 Comparar | Cerveza BBC Cajicá Miel lata x269ml | BBC | $ 3.690 | (ml a $ 13,72) 
 Comparar | Cerveza BBC La Cotidiana lata x269ml | BBC | $ 2.690 | (ml a $ 10) 
 Comparar
Cerveza Beck's botella x6unds x275ml c-u | BECKS | $ 14.990 | (ml a $ 9,08) 
 Comparar | Cerveza Becks lata x330ml | BECKS | $ 2.690 | (ml a $ 8,15) 
 Comparar
Cerveza Budweiser lata x6und x269ml c-u | BUDWEISER | $ 15.990 | (ml a $ 0,01) | $ 12.792 
 Comparar | Cerveza Budweiser botella x6und x250ml c-u | BUDWEISER | $ 14.700 | (ml a $ 9,8) | $ 11.760 
 Comparar | Cerveza Budweiser lata x24und x269ml c-u | BUDWEISER | $ 65.990 | (ml a $ 0,01) 
 Comparar | Cerveza Budweiser lata x269ml | BUDWEISER | $ 2.490 | (ml a $ 9,26) 
 Comparar | Cerveza budweiser lata x6undx355mlc-u | BUDWEISER | $ 19.590 | (ml a $ 9,2) 
 Comparar
Cerveza Club Colombia Dorada lata x6und x330ml c-u | CLUB COLOMBIA | $ 18.890 | (ml a $ 9,54) 
 Comparar | Cerveza Club Colombia Roja lata x6und x330ml | CLUB COLOMBIA | $ 18.890 | (ml a $ 9,54) 
 Comparar | Cerveza Club Colombia Negra lata x6und x330ml c-u | CLUB COLOMBIA | $ 18.890 | (ml a $ 9,54) 
 Comparar | Cerveza Club Colombia Dorada x6und x330ml c-u | CLUB COLOMBIA | $ 16.990 | (ml a $ 8,58) 
 Comparar | Cerveza Club Colombia doble malta lata x6und x330ml c-u | CLUB COLOMBIA | $ 18.990 | (ml a $ 9,59) 
 Comparar | Cerveza Club Colombia doble malta botella x330ml | CLUB COLOMBIA | $ 3.190 
 Comparar | Cerveza Club Colombia Negra lata x330ml | CLUB COLOMBIA | $ 3.190 | (ml a $ 9,67) 
 Comparar | Cerveza Club Colombia Dorada botella x330ml | CLUB COLOMBIA | $ 2.990 | (ml a $ 9,06) 
 Comparar | Cerveza Club Colombia Dorada lata x330ml | CLUB COLOMBIA | $ 3.190 | (ml a $ 9,67) 
 Comparar | Cerveza Club Colombia Roja lata x330ml | CLUB COLOMBIA | $ 3.190 | (ml a $ 9,67) 
 Comparar
Refajo Cola & Pola lata x6und x330ml c-u | COLA&POLA | $ 14.990 | (ml a $ 7,57) 
 Comparar | Refajo Cola & Pola lata x330ml | COLA&POLA | $ 2.490 | (ml a $ 7,55) 
 Comparar
Cerveza Corona botella x6und x355ml c-u | CORONA | $ 27.990 | (ml a $ 13,14) 
 Comparar | Cerveza Corona lata x6unds x239ml c-u | CORONA | $ 21.990 | (ml a $ 0,01) 
 Comparar | Cerveza Corona sixpack x355ml | CORONA | $ 27.990 | (ml a $ 13,14) 
 Comparar | Cerveza Corona botella x355ml | CORONA | $ 4.290 | (ml a $ 12,08) 
 Comparar | Cerveza Corona lata x239ml | CORONA | $ 3.190 | (ml a $ 11,86) 
 Comparar | Kit Cerveza Corona botella x6und x355ml c-u + Balde metálico | CORONA | $ 42.990 | (ml a $ 20,18) 
 Comparar | Kit Cerveza Corona botella x6und x355ml c-u + Termo | CORONA | $ 51.990 | (ml a $ 24,41) 
 Comparar | Cerveza Corona botella x355ml | CORONA | $ 3.990 | (ml a $ 11,24) 
 Comparar
Cerveza Coronita botella x6und x210ml c-u | CORONITA | $ 17.990 | (ml a $ 14,28) 
 Cerveza Coronita x6und x210ml c-u | CORONITA | $ 17.990 | (ml a $ 14,28) 
 Cerveza Coronita botella x210ml | CORONITA | $ 3.390 | (ml a $ 16,14) | Agregar
Cerveza Costeña Bacana lata x6unds x330ml c-u | COSTENA | $ 14.990 | (ml a $ 7,57) 
 Comparar | Cerveza Costeña Bacana lata x330ml | COSTENA | $ 2.490 | (ml a $ 7,55) 
 Comparar
Cerveza Heineken 6 pack lata x330ml | HEINEKEN | $ 19.800 | (ml a $ 10) | $ 15.840 
 Cerveza Heineken 6 pack lata x269ml | HEINEKEN | $ 18.000 | (ml a $ 0,01) | $ 14.400 
 Cerveza Heineken 6 pack botella x330ml | HEINEKEN | $ 21.000 | (ml a $ 10,61) | $ 16.800 
 Cerveza Heineken 6 pack botella x250ml | HEINEKEN | $ 18.000 | (ml a $ 12) | $ 14.400 
 Cerveza Heineken 0.0 lata x6und x250ml c-u | HEINEKEN | $ 15.000 | $ 12.000 | Agregar
Cerveza Michelob Ultra botella x6unds x355ml | MICHELOB ULTRA | $ 21.590 | (ml a $ 10,14) 
 Comparar | Cerveza Michelob Ultra botella x355ml | MICHELOB ULTRA | $ 3.290 | (ml a $ 9,27) 
 Comparar
Cerveza Miller Lite Lata 6 Pack x330ml | MILLER LITE | $ 18.000 | (ml a $ 9,09) | Agregar
Cerveza Pilsen lata x6 unds x330ml | PILSEN | $ 16.990 | (ml a $ 8,58) | Agregar
Cerveza Poker lata x6und x330ml c-u | POKER | $ 15.890 | (ml a $ 8,03) 
 Comparar | Cerveza Poker pura malta lata x6und x330ml c-u | POKER | $ 14.590 | (ml a $ 7,37) 
 Comparar | Cerveza Poker lata x330ml | POKER | $ 2.540 | (ml a $ 7,7) 
 Comparar | Cerveza Poker pura malta lata x330ml | POKER | $ 2.490 | (ml a $ 7,55) 
 Comparar
Cerveza Sol Lata 6 Pack x269ml | SOL | $ 15.000 | (ml a $ 0,01) | Agregar
Cerveza Tecate Original Lata 6 pack x330ml | TECATE | $ 15.000 | (ml a $ 7,58) | $ 12.000 
 Comparar
